test_idx,degree,format,cycles,hw_loss,golden_loss,max_abs_err_vs_golden,mean_abs_err_vs_golden,max_abs_err_vs_true,mean_abs_err_vs_true,true_0,golden_0,hw_0,abs_err_vs_golden_0,abs_err_vs_true_0,true_1,golden_1,hw_1,abs_err_vs_golden_1,abs_err_vs_true_1,true_2,golden_2,hw_2,abs_err_vs_golden_2,abs_err_vs_true_2,true_3,golden_3,hw_3,abs_err_vs_golden_3,abs_err_vs_true_3,true_4,golden_4,hw_4,abs_err_vs_golden_4,abs_err_vs_true_4,true_5,golden_5,hw_5,abs_err_vs_golden_5,abs_err_vs_true_5,true_6,golden_6,hw_6,abs_err_vs_golden_6,abs_err_vs_true_6
1,3,FP64,1974092,1.020096e-01,9.313033e-02,1.5440e-01,7.1000e-02,1.4787e-01,6.4241e-02,-0.24450665,-0.26506432,-0.21735293,4.7711e-02,2.7154e-02,-0.99774833,-1.00427951,-0.84988294,1.5440e-01,1.4787e-01,-2.14279909,-2.14148385,-2.16800491,2.6521e-02,2.5206e-02,0.90533084,0.90396278,0.84859331,5.5369e-02,5.6738e-02,,,,,,,,,,,,,,,
1,3,FP32,1974092,1.020096e-01,9.313033e-02,1.5440e-01,7.1000e-02,1.4787e-01,6.4241e-02,-0.24450665,-0.26506432,-0.21735308,4.7711e-02,2.7154e-02,-0.99774833,-1.00427951,-0.84988278,1.5440e-01,1.4787e-01,-2.14279909,-2.14148385,-2.16800499,2.6521e-02,2.5206e-02,0.90533084,0.90396278,0.84859329,5.5369e-02,5.6738e-02,,,,,,,,,,,,,,,
1,3,FP16,1974092,1.045805e-01,9.313033e-02,1.8885e-01,7.4339e-02,1.8232e-01,7.8517e-02,-0.24450665,-0.26506432,-0.28955078,2.4486e-02,4.5044e-02,-0.99774833,-1.00427951,-0.81542969,1.8885e-01,1.8232e-01,-2.14279909,-2.14148385,-2.12695312,1.4531e-02,1.5846e-02,0.90533084,0.90396278,0.83447266,6.9490e-02,7.0858e-02,,,,,,,,,,,,,,,
1,3,FP16ALT,1974092,4.041027e-01,9.313033e-02,7.5056e-01,4.2761e-01,7.7112e-01,4.3179e-01,-0.24450665,-0.26506432,-1.01562500,7.5056e-01,7.7112e-01,-0.99774833,-1.00427951,-0.55468750,4.4959e-01,4.4306e-01,-2.14279909,-2.14148385,-1.79687500,3.4461e-01,3.4592e-01,0.90533084,0.90396278,0.73828125,1.6568e-01,1.6705e-01,,,,,,,,,,,,,,,
